Power (W),Thrust (N),Speed (RPM)
0.0039365935732627476,0.000129,600.0
0.016796099132117527,0.033625,2200.0000000000005
0.5130632605329781,0.055826,3800.0
1.5836340540507436,0.172627,5400.0
4.13353145268851,0.363357,7000.0
8.5185509929325,0.634192,8600.0
13.565803163070063,0.990065,10200.0
21.517572731326027,1.388835,11800.000000000002
33.22599767348206,1.891591,13400.0
46.31965298476998,2.447284,15000.0
